"id","label"
"85766188","1"
"16219992","1"
"138628390","1"
"71308589","1"
"124202745","1"
"21119785","1"
"71454399","1"
"156859","1"
"8141","1"
"9920342","1"
"87268923","1"
"138059641","1"
"5590","1"
"7371","1"
"8177","1"
"8430","1"
"14249","1"
"18739","1"
"23939","1"
"31204","1"
"61018","1"
"72949","1"
"85742","1"
"656641","1"
"2724258","1"
"2776282","1"
"4292413","1"
"6436882","1"
"23682189","1"
"23691009","1"
"25310","1"
"162246","1"
"316426","1"
"452650","1"
"3081895","1"
"3086051","1"
"5327011","1"
"5458394","1"
"5491283","1"
"11856871","1"
"2519","0"
"338","0"
"784","0"
"54678486","0"
"992","0"
"1727","0"
"1983","0"
"3598","0"
"5641","0"
"23665760","0"
"14982","0"
"8478","0"
"991","0"
"4004","0"
"4101","0"
"6129","0"
"7187","0"
"12025","0"
"89594","0"
"5281576","0"
"10607","0"
"36462","0"
"4754","0"
"5754","0"
"2764","0"
"2662","0"
"3639","0"
"5333","0"
"60750","0"
"216239","0"
"119034","0"
"2244","0"
"9433","0"
"9507","0"
"35370","0"
"5338","0"
"6041","0"
"6291","0"
"8418","0"
"637568","0"
